"","domain","phylum","class","order","family","genus"
"Fungi","d__Fungi",NA,NA,NA,NA,NA
"Ascomycota","d__Fungi","p__Ascomycota",NA,NA,NA,NA
"Dothideomycetes","d__Fungi","p__Ascomycota","c__Dothideomycetes",NA,NA,NA
"Macrophomina","d__Fungi","p__Ascomycota","c__Dothideomycetes","o__Botryosphaeriales","f__Botryosphaeriaceae","Macrophomina"
"Capnodiales","d__Fungi","p__Ascomycota","c__Dothideomycetes","o__Capnodiales",NA,NA
"Capnodium","d__Fungi","p__Ascomycota","c__Dothideomycetes","o__Capnodiales","f__Capnodiaceae","Capnodium"
"Davidiellaceae","d__Fungi","p__Ascomycota","c__Dothideomycetes","o__Capnodiales","f__Davidiellaceae",NA
"Davidiella","d__Fungi","p__Ascomycota","c__Dothideomycetes","o__Capnodiales","f__Davidiellaceae","Davidiella"
"Toxicocladosporium","d__Fungi","p__Ascomycota","c__Dothideomycetes","o__Capnodiales","f__Incertae_sedis_17","Toxicocladosporium"
"Devriesia","d__Fungi","p__Ascomycota","c__Dothideomycetes","o__Capnodiales","f__Teratosphaeriaceae","Devriesia"
"Aureobasidium","d__Fungi","p__Ascomycota","c__Dothideomycetes","o__Dothideales","f__Dothioraceae","Aureobasidium"
"Hormonema","d__Fungi","p__Ascomycota","c__Dothideomycetes","o__Dothideales","f__Dothioraceae","Hormonema"
"Kabatiella","d__Fungi","p__Ascomycota","c__Dothideomycetes","o__Dothideales","f__Dothioraceae","Kabatiella"
"Arthrographis","d__Fungi","p__Ascomycota","c__Dothideomycetes","o__Incertae_sedis_8","f__Eremomycetaceae","Arthrographis"
"Myxotrichaceae","d__Fungi","p__Ascomycota","c__Dothideomycetes","o__Incertae_sedis_8","f__Myxotrichaceae",NA
"Myxotrichum","d__Fungi","p__Ascomycota","c__Dothideomycetes","o__Incertae_sedis_8","f__Myxotrichaceae","Myxotrichum"
"Oidiodendron","d__Fungi","p__Ascomycota","c__Dothideomycetes","o__Incertae_sedis_8","f__Myxotrichaceae","Oidiodendron"
"Pseudeurotiaceae","d__Fungi","p__Ascomycota","c__Dothideomycetes","o__Incertae_sedis_8","f__Pseudeurotiaceae",NA
"Pseudeurotium","d__Fungi","p__Ascomycota","c__Dothideomycetes","o__Incertae_sedis_8","f__Pseudeurotiaceae","Pseudeurotium"
"Pseudogymnoascus","d__Fungi","p__Ascomycota","c__Dothideomycetes","o__Incertae_sedis_8","f__Pseudeurotiaceae","Pseudogymnoascus"
"Pleosporales","d__Fungi","p__Ascomycota","c__Dothideomycetes","o__Pleosporales",NA,NA
"Pyrenochaetopsis","d__Fungi","p__Ascomycota","c__Dothideomycetes","o__Pleosporales","f__Cucurbitariaceae","Pyrenochaetopsis"
"Didymosphaeria","d__Fungi","p__Ascomycota","c__Dothideomycetes","o__Pleosporales","f__Didymosphaeriaceae","Didymosphaeria"
"Dictyosporium","d__Fungi","p__Ascomycota","c__Dothideomycetes","o__Pleosporales","f__Incertae_sedis_13","Dictyosporium"
"Leptosphaerulina","d__Fungi","p__Ascomycota","c__Dothideomycetes","o__Pleosporales","f__Incertae_sedis_13","Leptosphaerulina"
"Phoma","d__Fungi","p__Ascomycota","c__Dothideomycetes","o__Pleosporales","f__Incertae_sedis_13","Phoma"
"Pyrenochaeta","d__Fungi","p__Ascomycota","c__Dothideomycetes","o__Pleosporales","f__Incertae_sedis_13","Pyrenochaeta"
"Coniothyrium","d__Fungi","p__Ascomycota","c__Dothideomycetes","o__Pleosporales","f__Leptosphaeriaceae","Coniothyrium"
"Lophiostoma","d__Fungi","p__Ascomycota","c__Dothideomycetes","o__Pleosporales","f__Lophiostomataceae","Lophiostoma"
"Massarina","d__Fungi","p__Ascomycota","c__Dothideomycetes","o__Pleosporales","f__Massarinaceae","Massarina"
"Montagnulaceae","d__Fungi","p__Ascomycota","c__Dothideomycetes","o__Pleosporales","f__Montagnulaceae",NA
"Paraconiothyrium","d__Fungi","p__Ascomycota","c__Dothideomycetes","o__Pleosporales","f__Montagnulaceae","Paraconiothyrium"
"Pleosporaceae","d__Fungi","p__Ascomycota","c__Dothideomycetes","o__Pleosporales","f__Pleosporaceae",NA
"Alternaria","d__Fungi","p__Ascomycota","c__Dothideomycetes","o__Pleosporales","f__Pleosporaceae","Alternaria"
"Dendryphion","d__Fungi","p__Ascomycota","c__Dothideomycetes","o__Pleosporales","f__Pleosporaceae","Dendryphion"
"Embellisia","d__Fungi","p__Ascomycota","c__Dothideomycetes","o__Pleosporales","f__Pleosporaceae","Embellisia"
"Pleospora","d__Fungi","p__Ascomycota","c__Dothideomycetes","o__Pleosporales","f__Pleosporaceae","Pleospora"
"Sporormiaceae","d__Fungi","p__Ascomycota","c__Dothideomycetes","o__Pleosporales","f__Sporormiaceae",NA
"Preussia","d__Fungi","p__Ascomycota","c__Dothideomycetes","o__Pleosporales","f__Sporormiaceae","Preussia"
"Westerdykella","d__Fungi","p__Ascomycota","c__Dothideomycetes","o__Pleosporales","f__Sporormiaceae","Westerdykella"
"Tubeufiaceae","d__Fungi","p__Ascomycota","c__Dothideomycetes","o__Pleosporales","f__Tubeufiaceae",NA
"Eurotiomycetes","d__Fungi","p__Ascomycota","c__Eurotiomycetes",NA,NA,NA
"Herpotrichiellaceae","d__Fungi","p__Ascomycota","c__Eurotiomycetes","o__Chaetothyriales","f__Herpotrichiellaceae",NA
"Cladophialophora","d__Fungi","p__Ascomycota","c__Eurotiomycetes","o__Chaetothyriales","f__Herpotrichiellaceae","Cladophialophora"
"Exophiala","d__Fungi","p__Ascomycota","c__Eurotiomycetes","o__Chaetothyriales","f__Herpotrichiellaceae","Exophiala"
"Phialophora","d__Fungi","p__Ascomycota","c__Eurotiomycetes","o__Chaetothyriales","f__Herpotrichiellaceae","Phialophora"
"Rhinocladiella","d__Fungi","p__Ascomycota","c__Eurotiomycetes","o__Chaetothyriales","f__Herpotrichiellaceae","Rhinocladiella"
"Coniosporium","d__Fungi","p__Ascomycota","c__Eurotiomycetes","o__Chaetothyriales","f__Incertae_sedis_42","Coniosporium"
"Eurotiales","d__Fungi","p__Ascomycota","c__Eurotiomycetes","o__Eurotiales",NA,NA
"Thermomyces","d__Fungi","p__Ascomycota","c__Eurotiomycetes","o__Eurotiales","f__Incertae_sedis_27","Thermomyces"
"Thermoascus","d__Fungi","p__Ascomycota","c__Eurotiomycetes","o__Eurotiales","f__Thermoascaceae","Thermoascus"
"Trichocomaceae","d__Fungi","p__Ascomycota","c__Eurotiomycetes","o__Eurotiales","f__Trichocomaceae",NA
"Aspergillus","d__Fungi","p__Ascomycota","c__Eurotiomycetes","o__Eurotiales","f__Trichocomaceae","Aspergillus"
"Byssochlamys","d__Fungi","p__Ascomycota","c__Eurotiomycetes","o__Eurotiales","f__Trichocomaceae","Byssochlamys"
"Penicillium","d__Fungi","p__Ascomycota","c__Eurotiomycetes","o__Eurotiales","f__Trichocomaceae","Penicillium"
"Phialosimplex","d__Fungi","p__Ascomycota","c__Eurotiomycetes","o__Eurotiales","f__Trichocomaceae","Phialosimplex"
"Rasamsonia","d__Fungi","p__Ascomycota","c__Eurotiomycetes","o__Eurotiales","f__Trichocomaceae","Rasamsonia"
"Talaromyces","d__Fungi","p__Ascomycota","c__Eurotiomycetes","o__Eurotiales","f__Trichocomaceae","Talaromyces"
"Onygenales","d__Fungi","p__Ascomycota","c__Eurotiomycetes","o__Onygenales",NA,NA
"Ajellomycetaceae","d__Fungi","p__Ascomycota","c__Eurotiomycetes","o__Onygenales","f__Ajellomycetaceae",NA
"Emmonsia","d__Fungi","p__Ascomycota","c__Eurotiomycetes","o__Onygenales","f__Ajellomycetaceae","Emmonsia"
"Spiromastix","d__Fungi","p__Ascomycota","c__Eurotiomycetes","o__Onygenales","f__Ajellomycetaceae","Spiromastix"
"Gymnoascus","d__Fungi","p__Ascomycota","c__Eurotiomycetes","o__Onygenales","f__Gymnoascaceae","Gymnoascus"
"Auxarthron","d__Fungi","p__Ascomycota","c__Eurotiomycetes","o__Onygenales","f__Onygenaceae","Auxarthron"
"Chrysosporium","d__Fungi","p__Ascomycota","c__Eurotiomycetes","o__Onygenales","f__Onygenaceae","Chrysosporium"
"Ochroconis","d__Fungi","p__Ascomycota","c__Incertae_sedis_14","o__Incertae_sedis_15","f__Incertae_sedis_16","Ochroconis"
"Sporendonema","d__Fungi","p__Ascomycota","c__Incertae_sedis_14","o__Incertae_sedis_15","f__Incertae_sedis_16","Sporendonema"
"Staphylotrichum","d__Fungi","p__Ascomycota","c__Incertae_sedis_14","o__Incertae_sedis_15","f__Incertae_sedis_16","Staphylotrichum"
"Vermispora","d__Fungi","p__Ascomycota","c__Incertae_sedis_14","o__Incertae_sedis_15","f__Incertae_sedis_16","Vermispora"
"Leotiomycetes","d__Fungi","p__Ascomycota","c__Leotiomycetes",NA,NA,NA
"Helotiales","d__Fungi","p__Ascomycota","c__Leotiomycetes","o__Helotiales",NA,NA
"Helotiaceae","d__Fungi","p__Ascomycota","c__Leotiomycetes","o__Helotiales","f__Helotiaceae",NA
"Articulospora","d__Fungi","p__Ascomycota","c__Leotiomycetes","o__Helotiales","f__Helotiaceae","Articulospora"
"Dimorphospora","d__Fungi","p__Ascomycota","c__Leotiomycetes","o__Helotiales","f__Helotiaceae","Dimorphospora"
"Hymenoscyphus","d__Fungi","p__Ascomycota","c__Leotiomycetes","o__Helotiales","f__Helotiaceae","Hymenoscyphus"
"Neobulgaria","d__Fungi","p__Ascomycota","c__Leotiomycetes","o__Helotiales","f__Helotiaceae","Neobulgaria"
"Rhizoscyphus","d__Fungi","p__Ascomycota","c__Leotiomycetes","o__Helotiales","f__Helotiaceae","Rhizoscyphus"
"Mycoarthris","d__Fungi","p__Ascomycota","c__Leotiomycetes","o__Helotiales","f__Hyaloscyphaceae","Mycoarthris"
"Cadophora","d__Fungi","p__Ascomycota","c__Leotiomycetes","o__Helotiales","f__Incertae_sedis_2","Cadophora"
"Glarea","d__Fungi","p__Ascomycota","c__Leotiomycetes","o__Helotiales","f__Incertae_sedis_2","Glarea"
"Pilidium","d__Fungi","p__Ascomycota","c__Leotiomycetes","o__Helotiales","f__Incertae_sedis_2","Pilidium"
"Rhexocercosporidium","d__Fungi","p__Ascomycota","c__Leotiomycetes","o__Helotiales","f__Incertae_sedis_2","Rhexocercosporidium"
"Scytalidium","d__Fungi","p__Ascomycota","c__Leotiomycetes","o__Helotiales","f__Incertae_sedis_2","Scytalidium"
"Tetracladium","d__Fungi","p__Ascomycota","c__Leotiomycetes","o__Helotiales","f__Incertae_sedis_2","Tetracladium"
"Xylogone","d__Fungi","p__Ascomycota","c__Leotiomycetes","o__Helotiales","f__Incertae_sedis_2","Xylogone"
"Sclerotiniaceae","d__Fungi","p__Ascomycota","c__Leotiomycetes","o__Helotiales","f__Sclerotiniaceae",NA
"Myxocephala","d__Fungi","p__Ascomycota","c__Leotiomycetes","o__Helotiales","f__Vibrisseaceae","Myxocephala"
"Phialocephala","d__Fungi","p__Ascomycota","c__Leotiomycetes","o__Helotiales","f__Vibrisseaceae","Phialocephala"
"Chaetomella","d__Fungi","p__Ascomycota","c__Leotiomycetes","o__Incertae_sedis","f__Incertae_sedis_1","Chaetomella"
"Meliniomyces","d__Fungi","p__Ascomycota","c__Leotiomycetes","o__Incertae_sedis","f__Incertae_sedis_1","Meliniomyces"
"Alatospora","d__Fungi","p__Ascomycota","c__Leotiomycetes","o__Leotiales","f__Leotiaceae","Alatospora"
"Orbiliaceae","d__Fungi","p__Ascomycota","c__Orbiliomycetes","o__Orbiliales","f__Orbiliaceae",NA
"Arthrobotrys","d__Fungi","p__Ascomycota","c__Orbiliomycetes","o__Orbiliales","f__Orbiliaceae","Arthrobotrys"
"Dactylella","d__Fungi","p__Ascomycota","c__Orbiliomycetes","o__Orbiliales","f__Orbiliaceae","Dactylella"
"Monacrosporium","d__Fungi","p__Ascomycota","c__Orbiliomycetes","o__Orbiliales","f__Orbiliaceae","Monacrosporium"
"Pezizomycetes","d__Fungi","p__Ascomycota","c__Pezizomycetes",NA,NA,NA
"Pezizales","d__Fungi","p__Ascomycota","c__Pezizomycetes","o__Pezizales",NA,NA
"Pulvinula","d__Fungi","p__Ascomycota","c__Pezizomycetes","o__Pezizales","f__Incertae_sedis_32","Pulvinula"
"Pezizaceae","d__Fungi","p__Ascomycota","c__Pezizomycetes","o__Pezizales","f__Pezizaceae",NA
"Peziza","d__Fungi","p__Ascomycota","c__Pezizomycetes","o__Pezizales","f__Pezizaceae","Peziza"
"Pyronemataceae","d__Fungi","p__Ascomycota","c__Pezizomycetes","o__Pezizales","f__Pyronemataceae",NA
"Paurocotylis","d__Fungi","p__Ascomycota","c__Pezizomycetes","o__Pezizales","f__Pyronemataceae","Paurocotylis"
"Pseudaleuria","d__Fungi","p__Ascomycota","c__Pezizomycetes","o__Pezizales","f__Pyronemataceae","Pseudaleuria"
"Scutellinia","d__Fungi","p__Ascomycota","c__Pezizomycetes","o__Pezizales","f__Pyronemataceae","Scutellinia"
"Saccharomycetales","d__Fungi","p__Ascomycota","c__Saccharomycetes","o__Saccharomycetales",NA,NA
"Candida","d__Fungi","p__Ascomycota","c__Saccharomycetes","o__Saccharomycetales","f__Incertae_sedis_11","Candida"
"Cyberlindnera","d__Fungi","p__Ascomycota","c__Saccharomycetes","o__Saccharomycetales","f__Incertae_sedis_11","Cyberlindnera"
"Debaryomyces","d__Fungi","p__Ascomycota","c__Saccharomycetes","o__Saccharomycetales","f__Incertae_sedis_11","Debaryomyces"
"Pichia","d__Fungi","p__Ascomycota","c__Saccharomycetes","o__Saccharomycetales","f__Pichiaceae","Pichia"
"Torulaspora","d__Fungi","p__Ascomycota","c__Saccharomycetes","o__Saccharomycetales","f__Saccharomycetaceae","Torulaspora"
"Williopsis","d__Fungi","p__Ascomycota","c__Saccharomycetes","o__Saccharomycetales","f__Saccharomycetaceae","Williopsis"
"Blastobotrys","d__Fungi","p__Ascomycota","c__Saccharomycetes","o__Saccharomycetales","f__Trichomonascaceae","Blastobotrys"
"Sordariomycetes","d__Fungi","p__Ascomycota","c__Sordariomycetes",NA,NA,NA
"Chloridium","d__Fungi","p__Ascomycota","c__Sordariomycetes","o__Chaetosphaeriales","f__Chaetosphaeriaceae","Chloridium"
"Codinaeopsis","d__Fungi","p__Ascomycota","c__Sordariomycetes","o__Chaetosphaeriales","f__Chaetosphaeriaceae","Codinaeopsis"
"Coniochaetales","d__Fungi","p__Ascomycota","c__Sordariomycetes","o__Coniochaetales",NA,NA
"Coniochaeta","d__Fungi","p__Ascomycota","c__Sordariomycetes","o__Coniochaetales","f__Coniochaetaceae","Coniochaeta"
"Lecythophora","d__Fungi","p__Ascomycota","c__Sordariomycetes","o__Coniochaetales","f__Coniochaetaceae","Lecythophora"
"Gnomonia","d__Fungi","p__Ascomycota","c__Sordariomycetes","o__Diaporthales","f__Gnomoniaceae","Gnomonia"
"Coniella","d__Fungi","p__Ascomycota","c__Sordariomycetes","o__Diaporthales","f__Schizoparmaceae","Coniella"
"Phaeoacremonium","d__Fungi","p__Ascomycota","c__Sordariomycetes","o__Diaporthales","f__Togniniaceae","Phaeoacremonium"
"Togninia","d__Fungi","p__Ascomycota","c__Sordariomycetes","o__Diaporthales","f__Togniniaceae","Togninia"
"Hypocreales","d__Fungi","p__Ascomycota","c__Sordariomycetes","o__Hypocreales",NA,NA
"Bionectriaceae","d__Fungi","p__Ascomycota","c__Sordariomycetes","o__Hypocreales","f__Bionectriaceae",NA
"Clonostachys","d__Fungi","p__Ascomycota","c__Sordariomycetes","o__Hypocreales","f__Bionectriaceae","Clonostachys"
"Hydropisphaera","d__Fungi","p__Ascomycota","c__Sordariomycetes","o__Hypocreales","f__Bionectriaceae","Hydropisphaera"
"Stephanonectria","d__Fungi","p__Ascomycota","c__Sordariomycetes","o__Hypocreales","f__Bionectriaceae","Stephanonectria"
"Clavicipitaceae","d__Fungi","p__Ascomycota","c__Sordariomycetes","o__Hypocreales","f__Clavicipitaceae",NA
"Metarhizium","d__Fungi","p__Ascomycota","c__Sordariomycetes","o__Hypocreales","f__Clavicipitaceae","Metarhizium"
"Pochonia","d__Fungi","p__Ascomycota","c__Sordariomycetes","o__Hypocreales","f__Clavicipitaceae","Pochonia"
"Cordyceps","d__Fungi","p__Ascomycota","c__Sordariomycetes","o__Hypocreales","f__Cordycipitaceae","Cordyceps"
"Lecanicillium","d__Fungi","p__Ascomycota","c__Sordariomycetes","o__Hypocreales","f__Cordycipitaceae","Lecanicillium"
"Hypocreaceae","d__Fungi","p__Ascomycota","c__Sordariomycetes","o__Hypocreales","f__Hypocreaceae",NA
"Acrostalagmus","d__Fungi","p__Ascomycota","c__Sordariomycetes","o__Hypocreales","f__Hypocreaceae","Acrostalagmus"
"Hypocrea","d__Fungi","p__Ascomycota","c__Sordariomycetes","o__Hypocreales","f__Hypocreaceae","Hypocrea"
"Trichoderma","d__Fungi","p__Ascomycota","c__Sordariomycetes","o__Hypocreales","f__Hypocreaceae","Trichoderma"
"Acremonium","d__Fungi","p__Ascomycota","c__Sordariomycetes","o__Hypocreales","f__Incertae_sedis_3","Acremonium"
"Gliomastix","d__Fungi","p__Ascomycota","c__Sordariomycetes","o__Hypocreales","f__Incertae_sedis_3","Gliomastix"
"Ilyonectria","d__Fungi","p__Ascomycota","c__Sordariomycetes","o__Hypocreales","f__Incertae_sedis_3","Ilyonectria"
"Myrothecium","d__Fungi","p__Ascomycota","c__Sordariomycetes","o__Hypocreales","f__Incertae_sedis_3","Myrothecium"
"Sarocladium","d__Fungi","p__Ascomycota","c__Sordariomycetes","o__Hypocreales","f__Incertae_sedis_3","Sarocladium"
"Nectriaceae","d__Fungi","p__Ascomycota","c__Sordariomycetes","o__Hypocreales","f__Nectriaceae",NA
"Cylindrocarpon","d__Fungi","p__Ascomycota","c__Sordariomycetes","o__Hypocreales","f__Nectriaceae","Cylindrocarpon"
"Fusarium","d__Fungi","p__Ascomycota","c__Sordariomycetes","o__Hypocreales","f__Nectriaceae","Fusarium"
"Gibberella","d__Fungi","p__Ascomycota","c__Sordariomycetes","o__Hypocreales","f__Nectriaceae","Gibberella"
"Haematonectria","d__Fungi","p__Ascomycota","c__Sordariomycetes","o__Hypocreales","f__Nectriaceae","Haematonectria"
"Ophiocordycipitaceae","d__Fungi","p__Ascomycota","c__Sordariomycetes","o__Hypocreales","f__Ophiocordycipitaceae",NA
"Hirsutella","d__Fungi","p__Ascomycota","c__Sordariomycetes","o__Hypocreales","f__Ophiocordycipitaceae","Hirsutella"
"Purpureocillium","d__Fungi","p__Ascomycota","c__Sordariomycetes","o__Hypocreales","f__Ophiocordycipitaceae","Purpureocillium"
"Conlarium","d__Fungi","p__Ascomycota","c__Sordariomycetes","o__Incertae_sedis_7","f__Annulatascaceae","Conlarium"
"Colletotrichum","d__Fungi","p__Ascomycota","c__Sordariomycetes","o__Incertae_sedis_7","f__Glomerellaceae","Colletotrichum"
"Eucasphaeria","d__Fungi","p__Ascomycota","c__Sordariomycetes","o__Incertae_sedis_7","f__Incertae_sedis_31","Eucasphaeria"
"Plectosphaerellaceae","d__Fungi","p__Ascomycota","c__Sordariomycetes","o__Incertae_sedis_7","f__Plectosphaerellaceae",NA
"Verticillium","d__Fungi","p__Ascomycota","c__Sordariomycetes","o__Incertae_sedis_7","f__Plectosphaerellaceae","Verticillium"
"Microascales","d__Fungi","p__Ascomycota","c__Sordariomycetes","o__Microascales",NA,NA
"Microascaceae","d__Fungi","p__Ascomycota","c__Sordariomycetes","o__Microascales","f__Microascaceae",NA
"Parascedosporium","d__Fungi","p__Ascomycota","c__Sordariomycetes","o__Microascales","f__Microascaceae","Parascedosporium"
"Petriella","d__Fungi","p__Ascomycota","c__Sordariomycetes","o__Microascales","f__Microascaceae","Petriella"
"Pithoascus","d__Fungi","p__Ascomycota","c__Sordariomycetes","o__Microascales","f__Microascaceae","Pithoascus"
"Pseudallescheria","d__Fungi","p__Ascomycota","c__Sordariomycetes","o__Microascales","f__Microascaceae","Pseudallescheria"
"Scedosporium","d__Fungi","p__Ascomycota","c__Sordariomycetes","o__Microascales","f__Microascaceae","Scedosporium"
"Ophiostomataceae","d__Fungi","p__Ascomycota","c__Sordariomycetes","o__Ophiostomatales","f__Ophiostomataceae",NA
"Sporothrix","d__Fungi","p__Ascomycota","c__Sordariomycetes","o__Ophiostomatales","f__Ophiostomataceae","Sporothrix"
"Sordariales","d__Fungi","p__Ascomycota","c__Sordariomycetes","o__Sordariales",NA,NA
"Cephalothecaceae","d__Fungi","p__Ascomycota","c__Sordariomycetes","o__Sordariales","f__Cephalothecaceae",NA
"Cephalotheca","d__Fungi","p__Ascomycota","c__Sordariomycetes","o__Sordariales","f__Cephalothecaceae","Cephalotheca"
"Phialemonium","d__Fungi","p__Ascomycota","c__Sordariomycetes","o__Sordariales","f__Cephalothecaceae","Phialemonium"
"Chaetomiaceae","d__Fungi","p__Ascomycota","c__Sordariomycetes","o__Sordariales","f__Chaetomiaceae",NA
"Chaetomium","d__Fungi","p__Ascomycota","c__Sordariomycetes","o__Sordariales","f__Chaetomiaceae","Chaetomium"
"Humicola","d__Fungi","p__Ascomycota","c__Sordariomycetes","o__Sordariales","f__Chaetomiaceae","Humicola"
"Thielavia","d__Fungi","p__Ascomycota","c__Sordariomycetes","o__Sordariales","f__Chaetomiaceae","Thielavia"
"Madurella","d__Fungi","p__Ascomycota","c__Sordariomycetes","o__Sordariales","f__Incertae_sedis_23","Madurella"
"Lasiosphaeriaceae","d__Fungi","p__Ascomycota","c__Sordariomycetes","o__Sordariales","f__Lasiosphaeriaceae",NA
"Apodus","d__Fungi","p__Ascomycota","c__Sordariomycetes","o__Sordariales","f__Lasiosphaeriaceae","Apodus"
"Arnium","d__Fungi","p__Ascomycota","c__Sordariomycetes","o__Sordariales","f__Lasiosphaeriaceae","Arnium"
"Cercophora","d__Fungi","p__Ascomycota","c__Sordariomycetes","o__Sordariales","f__Lasiosphaeriaceae","Cercophora"
"Cladorrhinum","d__Fungi","p__Ascomycota","c__Sordariomycetes","o__Sordariales","f__Lasiosphaeriaceae","Cladorrhinum"
"Fimetariella","d__Fungi","p__Ascomycota","c__Sordariomycetes","o__Sordariales","f__Lasiosphaeriaceae","Fimetariella"
"Podospora","d__Fungi","p__Ascomycota","c__Sordariomycetes","o__Sordariales","f__Lasiosphaeriaceae","Podospora"
"Schizothecium","d__Fungi","p__Ascomycota","c__Sordariomycetes","o__Sordariales","f__Lasiosphaeriaceae","Schizothecium"
"Zopfiella","d__Fungi","p__Ascomycota","c__Sordariomycetes","o__Sordariales","f__Lasiosphaeriaceae","Zopfiella"
"Sordariaceae","d__Fungi","p__Ascomycota","c__Sordariomycetes","o__Sordariales","f__Sordariaceae",NA
"Neurospora","d__Fungi","p__Ascomycota","c__Sordariomycetes","o__Sordariales","f__Sordariaceae","Neurospora"
"Xylariales","d__Fungi","p__Ascomycota","c__Sordariomycetes","o__Xylariales",NA,NA
"Amphisphaeriaceae","d__Fungi","p__Ascomycota","c__Sordariomycetes","o__Xylariales","f__Amphisphaeriaceae",NA
"Pestalotiopsis","d__Fungi","p__Ascomycota","c__Sordariomycetes","o__Xylariales","f__Amphisphaeriaceae","Pestalotiopsis"
"Microdochium","d__Fungi","p__Ascomycota","c__Sordariomycetes","o__Xylariales","f__Incertae_sedis_9","Microdochium"
"Basidiomycota","d__Fungi","p__Basidiomycota",NA,NA,NA,NA
"Agaricomycetes","d__Fungi","p__Basidiomycota","c__Agaricomycetes",NA,NA,NA
"Agaricales","d__Fungi","p__Basidiomycota","c__Agaricomycetes","o__Agaricales",NA,NA
"Agaricaceae","d__Fungi","p__Basidiomycota","c__Agaricomycetes","o__Agaricales","f__Agaricaceae",NA
"Agaricus","d__Fungi","p__Basidiomycota","c__Agaricomycetes","o__Agaricales","f__Agaricaceae","Agaricus"
"Coprinus","d__Fungi","p__Basidiomycota","c__Agaricomycetes","o__Agaricales","f__Agaricaceae","Coprinus"
"Cystolepiota","d__Fungi","p__Basidiomycota","c__Agaricomycetes","o__Agaricales","f__Agaricaceae","Cystolepiota"
"Lepiota","d__Fungi","p__Basidiomycota","c__Agaricomycetes","o__Agaricales","f__Agaricaceae","Lepiota"
"Leucoagaricus","d__Fungi","p__Basidiomycota","c__Agaricomycetes","o__Agaricales","f__Agaricaceae","Leucoagaricus"
"Bolbitiaceae","d__Fungi","p__Basidiomycota","c__Agaricomycetes","o__Agaricales","f__Bolbitiaceae",NA
"Conocybe","d__Fungi","p__Basidiomycota","c__Agaricomycetes","o__Agaricales","f__Bolbitiaceae","Conocybe"
"Pholiotina","d__Fungi","p__Basidiomycota","c__Agaricomycetes","o__Agaricales","f__Bolbitiaceae","Pholiotina"
"Entolomataceae","d__Fungi","p__Basidiomycota","c__Agaricomycetes","o__Agaricales","f__Entolomataceae",NA
"Clitopilus","d__Fungi","p__Basidiomycota","c__Agaricomycetes","o__Agaricales","f__Entolomataceae","Clitopilus"
"Entoloma","d__Fungi","p__Basidiomycota","c__Agaricomycetes","o__Agaricales","f__Entolomataceae","Entoloma"
"Omphalotus","d__Fungi","p__Basidiomycota","c__Agaricomycetes","o__Agaricales","f__Marasmiaceae","Omphalotus"
"Mycena","d__Fungi","p__Basidiomycota","c__Agaricomycetes","o__Agaricales","f__Mycenaceae","Mycena"
"Niaceae","d__Fungi","p__Basidiomycota","c__Agaricomycetes","o__Agaricales","f__Niaceae",NA
"Lachnella","d__Fungi","p__Basidiomycota","c__Agaricomycetes","o__Agaricales","f__Niaceae","Lachnella"
"Nematoctonus","d__Fungi","p__Basidiomycota","c__Agaricomycetes","o__Agaricales","f__Pleurotaceae","Nematoctonus"
"Pluteus","d__Fungi","p__Basidiomycota","c__Agaricomycetes","o__Agaricales","f__Pluteaceae","Pluteus"
"Volvariella","d__Fungi","p__Basidiomycota","c__Agaricomycetes","o__Agaricales","f__Pluteaceae","Volvariella"
"Psathyrellaceae","d__Fungi","p__Basidiomycota","c__Agaricomycetes","o__Agaricales","f__Psathyrellaceae",NA
"Coprinellus","d__Fungi","p__Basidiomycota","c__Agaricomycetes","o__Agaricales","f__Psathyrellaceae","Coprinellus"
"Coprinopsis","d__Fungi","p__Basidiomycota","c__Agaricomycetes","o__Agaricales","f__Psathyrellaceae","Coprinopsis"
"Psathyrella","d__Fungi","p__Basidiomycota","c__Agaricomycetes","o__Agaricales","f__Psathyrellaceae","Psathyrella"
"Schizophyllum","d__Fungi","p__Basidiomycota","c__Agaricomycetes","o__Agaricales","f__Schizophyllaceae","Schizophyllum"
"Hypholoma","d__Fungi","p__Basidiomycota","c__Agaricomycetes","o__Agaricales","f__Strophariaceae","Hypholoma"
"Psilocybe","d__Fungi","p__Basidiomycota","c__Agaricomycetes","o__Agaricales","f__Strophariaceae","Psilocybe"
"Auriculariales","d__Fungi","p__Basidiomycota","c__Agaricomycetes","o__Auriculariales",NA,NA
"Auricularia","d__Fungi","p__Basidiomycota","c__Agaricomycetes","o__Auriculariales","f__Incertae_sedis_28","Auricularia"
"Ceratobasidiaceae","d__Fungi","p__Basidiomycota","c__Agaricomycetes","o__Cantharellales","f__Ceratobasidiaceae",NA
"Ceratobasidium","d__Fungi","p__Basidiomycota","c__Agaricomycetes","o__Cantharellales","f__Ceratobasidiaceae","Ceratobasidium"
"Minimedusa","d__Fungi","p__Basidiomycota","c__Agaricomycetes","o__Cantharellales","f__Incertae_sedis_24","Minimedusa"
"Laetisaria","d__Fungi","p__Basidiomycota","c__Agaricomycetes","o__Corticiales","f__Corticiaceae","Laetisaria"
"Geastraceae","d__Fungi","p__Basidiomycota","c__Agaricomycetes","o__Geastrales","f__Geastraceae",NA
"Geastrum","d__Fungi","p__Basidiomycota","c__Agaricomycetes","o__Geastrales","f__Geastraceae","Geastrum"
"Hymenochaetaceae","d__Fungi","p__Basidiomycota","c__Agaricomycetes","o__Hymenochaetales","f__Hymenochaetaceae",NA
"Xylodon","d__Fungi","p__Basidiomycota","c__Agaricomycetes","o__Hymenochaetales","f__Schizoporaceae","Xylodon"
"Ganoderma","d__Fungi","p__Basidiomycota","c__Agaricomycetes","o__Polyporales","f__Ganodermataceae","Ganoderma"
"Asterostroma","d__Fungi","p__Basidiomycota","c__Agaricomycetes","o__Russulales","f__Lachnocladiaceae","Asterostroma"
"Stephanosporaceae","d__Fungi","p__Basidiomycota","c__Agaricomycetes","o__Russulales","f__Stephanosporaceae",NA
"Cristinia","d__Fungi","p__Basidiomycota","c__Agaricomycetes","o__Russulales","f__Stephanosporaceae","Cristinia"
"Sebacinales","d__Fungi","p__Basidiomycota","c__Agaricomycetes","o__Sebacinales",NA,NA
"Piriformospora","d__Fungi","p__Basidiomycota","c__Agaricomycetes","o__Sebacinales","f__Sebacinales_Group_B","Piriformospora"
"Thelephoraceae","d__Fungi","p__Basidiomycota","c__Agaricomycetes","o__Thelephorales","f__Thelephoraceae",NA
"Amaurodon","d__Fungi","p__Basidiomycota","c__Agaricomycetes","o__Thelephorales","f__Thelephoraceae","Amaurodon"
"Trechisporales","d__Fungi","p__Basidiomycota","c__Agaricomycetes","o__Trechisporales",NA,NA
"Trechispora","d__Fungi","p__Basidiomycota","c__Agaricomycetes","o__Trechisporales","f__Hydnodontaceae","Trechispora"
"Kurtzmanomyces","d__Fungi","p__Basidiomycota","c__Agaricostilbomycetes","o__Agaricostilbales","f__Chionosphaeraceae","Kurtzmanomyces"
"Cystobasidiomycetes","d__Fungi","p__Basidiomycota","c__Cystobasidiomycetes",NA,NA,NA
"Sakaguchia","d__Fungi","p__Basidiomycota","c__Cystobasidiomycetes","o__Incertae_sedis_58","f__Incertae_sedis_59","Sakaguchia"
"Tilletia","d__Fungi","p__Basidiomycota","c__Exobasidiomycetes","o__Tilletiales","f__Tilletiaceae","Tilletia"
"Malassezia","d__Fungi","p__Basidiomycota","c__Incertae_sedis_4","o__Malasseziales","f__Incertae_sedis_5","Malassezia"
"Leucosporidiaceae","d__Fungi","p__Basidiomycota","c__Microbotryomycetes","o__Leucosporidiales","f__Leucosporidiaceae",NA
"Leucosporidiella","d__Fungi","p__Basidiomycota","c__Microbotryomycetes","o__Leucosporidiales","f__Leucosporidiaceae","Leucosporidiella"
"Rhodosporidium","d__Fungi","p__Basidiomycota","c__Microbotryomycetes","o__Sporidiobolales","f__Incertae_sedis_25","Rhodosporidium"
"Rhodotorula","d__Fungi","p__Basidiomycota","c__Microbotryomycetes","o__Sporidiobolales","f__Incertae_sedis_25","Rhodotorula"
"Tremellomycetes","d__Fungi","p__Basidiomycota","c__Tremellomycetes",NA,NA,NA
"Guehomyces","d__Fungi","p__Basidiomycota","c__Tremellomycetes","o__Cystofilobasidiales","f__Cystofilobasidiaceae","Guehomyces"
"Cryptococcus","d__Fungi","p__Basidiomycota","c__Tremellomycetes","o__Filobasidiales","f__Filobasidiaceae","Cryptococcus"
"Filobasidium","d__Fungi","p__Basidiomycota","c__Tremellomycetes","o__Filobasidiales","f__Filobasidiaceae","Filobasidium"
"Bullera","d__Fungi","p__Basidiomycota","c__Tremellomycetes","o__Tremellales","f__Incertae_sedis_12","Bullera"
"Cryptococcus_1","d__Fungi","p__Basidiomycota","c__Tremellomycetes","o__Tremellales","f__Incertae_sedis_12","Cryptococcus_1"
"Trichosporon","d__Fungi","p__Basidiomycota","c__Tremellomycetes","o__Trichosporonales","f__Trichosporonaceae","Trichosporon"
"Pseudozyma","d__Fungi","p__Basidiomycota","c__Ustilaginomycetes","o__Ustilaginales","f__Ustilaginaceae","Pseudozyma"
"Ustilago","d__Fungi","p__Basidiomycota","c__Ustilaginomycetes","o__Ustilaginales","f__Ustilaginaceae","Ustilago"
"Geminibasidium","d__Fungi","p__Basidiomycota","c__Wallemiomycetes","o__Geminibasidiales","f__Geminibasidiaceae","Geminibasidium"
"Wallemia","d__Fungi","p__Basidiomycota","c__Wallemiomycetes","o__Wallemiales","f__Wallemiaceae","Wallemia"
"Chytridiomycota","d__Fungi","p__Chytridiomycota",NA,NA,NA,NA
"Chytridiomycetes","d__Fungi","p__Chytridiomycota","c__Chytridiomycetes",NA,NA,NA
"Olpidium","d__Fungi","p__Chytridiomycota","c__Chytridiomycetes","o__Olpidiales","f__Olpidiaceae","Olpidium"
"Rhizophlyctis","d__Fungi","p__Chytridiomycota","c__Chytridiomycetes","o__Rhizophlyctidales","f__Rhizophlyctidaceae","Rhizophlyctis"
"Rhizophydiales","d__Fungi","p__Chytridiomycota","c__Chytridiomycetes","o__Rhizophydiales",NA,NA
"Rhizophydium","d__Fungi","p__Chytridiomycota","c__Chytridiomycetes","o__Rhizophydiales","f__Rhizophydiaceae","Rhizophydium"
"Spizellomycetaceae","d__Fungi","p__Chytridiomycota","c__Chytridiomycetes","o__Spizellomycetales","f__Spizellomycetaceae",NA
"Powellomyces","d__Fungi","p__Chytridiomycota","c__Chytridiomycetes","o__Spizellomycetales","f__Spizellomycetaceae","Powellomyces"
"Spizellomyces","d__Fungi","p__Chytridiomycota","c__Chytridiomycetes","o__Spizellomycetales","f__Spizellomycetaceae","Spizellomyces"
"Glomeromycota","d__Fungi","p__Glomeromycota",NA,NA,NA,NA
"Archaeosporaceae","d__Fungi","p__Glomeromycota","c__Glomeromycetes","o__Archaeosporales","f__Archaeosporaceae",NA
"Glomerales","d__Fungi","p__Glomeromycota","c__Glomeromycetes","o__Glomerales",NA,NA
"Claroideoglomus","d__Fungi","p__Glomeromycota","c__Glomeromycetes","o__Glomerales","f__Claroideoglomeraceae","Claroideoglomus"
"Glomeraceae","d__Fungi","p__Glomeromycota","c__Glomeromycetes","o__Glomerales","f__Glomeraceae",NA
"Funneliformis","d__Fungi","p__Glomeromycota","c__Glomeromycetes","o__Glomerales","f__Glomeraceae","Funneliformis"
"Glomus","d__Fungi","p__Glomeromycota","c__Glomeromycetes","o__Glomerales","f__Glomeraceae","Glomus"
"Rhizophagus","d__Fungi","p__Glomeromycota","c__Glomeromycetes","o__Glomerales","f__Glomeraceae","Rhizophagus"
"Basidiobolus","d__Fungi","p__Zygomycota","c__Incertae_sedis_10","o__Basidiobolales","f__Basidiobolaceae","Basidiobolus"
"Endogone","d__Fungi","p__Zygomycota","c__Incertae_sedis_10","o__Endogonales","f__Endogonaceae","Endogone"
"Mortierellales","d__Fungi","p__Zygomycota","c__Incertae_sedis_10","o__Mortierellales",NA,NA
"Mortierellaceae","d__Fungi","p__Zygomycota","c__Incertae_sedis_10","o__Mortierellales","f__Mortierellaceae",NA
"Mortierella","d__Fungi","p__Zygomycota","c__Incertae_sedis_10","o__Mortierellales","f__Mortierellaceae","Mortierella"
"Absidia","d__Fungi","p__Zygomycota","c__Incertae_sedis_10","o__Mucorales","f__Cunninghamellaceae","Absidia"
"Actinomucor","d__Fungi","p__Zygomycota","c__Incertae_sedis_10","o__Mucorales","f__Mucoraceae","Actinomucor"
"Mucor","d__Fungi","p__Zygomycota","c__Incertae_sedis_10","o__Mucorales","f__Mucoraceae","Mucor"
"Rhizopus","d__Fungi","p__Zygomycota","c__Incertae_sedis_10","o__Mucorales","f__Rhizopodaceae","Rhizopus"
"Umbelopsis","d__Fungi","p__Zygomycota","c__Incertae_sedis_10","o__Mucorales","f__Umbelopsidaceae","Umbelopsis"
